date,day,type,amount,description
2025-01-02,1,COST,300,Daily Overheads
2025-01-02,1,COST,4080,Daily Wages
2025-01-02,1,COST,12000,Reordered 10 m³ of Tasmanian Oak
2025-01-03,2,COST,300,Daily Overheads
2025-01-03,2,COST,4080,Daily Wages
2025-01-04,3,COST,300,Daily Overheads
2025-01-04,3,COST,4080,Daily Wages
2025-01-04,3,REVENUE,4938.461538461539,Deposit for #105
2025-01-05,4,COST,300,Daily Overheads
2025-01-05,4,COST,4080,Daily Wages
2025-01-06,5,COST,300,Daily Overheads
2025-01-06,5,COST,4080,Daily Wages
2025-01-06,5,REVENUE,6496.153846153846,Deposit for #108
2025-01-06,5,REVENUE,4938.461538461539,Deposit for #109
2025-01-07,6,COST,300,Daily Overheads
2025-01-07,6,COST,4080,Daily Wages
2025-01-07,6,REVENUE,5630.7692307692305,Deposit for #110
2025-01-08,7,COST,300,Daily Overheads
2025-01-08,7,COST,4080,Daily Wages
2025-01-08,7,REVENUE,5238.461538461539,Deposit for #113
2025-01-08,7,COST,20000,Reordered 8 m³ of American Walnut
2025-01-09,8,COST,300,Daily Overheads
2025-01-09,8,COST,4080,Daily Wages
2025-01-10,9,COST,300,Daily Overheads
2025-01-10,9,COST,4080,Daily Wages
2025-01-10,9,COST,11200,Reordered 8 m³ of Victorian Ash
2025-01-11,10,COST,300,Daily Overheads
2025-01-11,10,COST,4080,Daily Wages
2025-01-12,11,COST,300,Daily Overheads
2025-01-12,11,COST,4080,Daily Wages
2025-01-12,11,REVENUE,4846.153846153846,Deposit for #119
2025-01-13,12,COST,300,Daily Overheads
2025-01-13,12,COST,4080,Daily Wages
2025-01-13,12,REVENUE,6888.461538461539,Deposit for #120
2025-01-13,12,REVENUE,6103.846153846154,Deposit for #121
2025-01-14,13,COST,300,Daily Overheads
2025-01-14,13,COST,4080,Daily Wages
2025-01-14,13,REVENUE,4938.461538461539,Final payment for #105
2025-01-15,14,COST,300,Daily Overheads
2025-01-15,14,COST,4080,Daily Wages
2025-01-15,14,REVENUE,6103.846153846154,Deposit for #123
2025-01-16,15,COST,300,Daily Overheads
2025-01-16,15,COST,4080,Daily Wages
2025-01-16,15,REVENUE,6496.153846153846,Final payment for #108
2025-01-16,15,REVENUE,4938.461538461539,Final payment for #109
2025-01-17,16,COST,300,Daily Overheads
2025-01-17,16,COST,4080,Daily Wages
2025-01-18,17,COST,300,Daily Overheads
2025-01-18,17,COST,4080,Daily Wages
2025-01-18,17,REVENUE,5330.7692307692305,Deposit for #129
2025-01-19,18,COST,300,Daily Overheads
2025-01-19,18,COST,4080,Daily Wages
2025-01-19,18,REVENUE,4546.153846153846,Deposit for #130
2025-01-19,18,REVENUE,5238.461538461539,Final payment for #113
2025-01-20,19,COST,300,Daily Overheads
2025-01-20,19,COST,4080,Daily Wages
2025-01-21,20,COST,300,Daily Overheads
2025-01-21,20,COST,4080,Daily Wages
2025-01-21,20,REVENUE,5630.7692307692305,Final payment for #110
2025-01-22,21,COST,300,Daily Overheads
2025-01-22,21,COST,4080,Daily Wages
2025-01-22,21,REVENUE,4846.153846153846,Final payment for #119
2025-01-22,21,REVENUE,6103.846153846154,Final payment for #121
2025-01-23,22,COST,300,Daily Overheads
2025-01-23,22,COST,4080,Daily Wages
2025-01-24,23,COST,300,Daily Overheads
2025-01-24,23,COST,4080,Daily Wages
2025-01-24,23,REVENUE,6888.461538461539,Final payment for #120
2025-01-24,23,REVENUE,6103.846153846154,Final payment for #123
2025-01-25,24,COST,300,Daily Overheads
2025-01-25,24,COST,4080,Daily Wages
2025-01-25,24,REVENUE,3836.538461538462,Deposit for #139
2025-01-26,25,COST,300,Daily Overheads
2025-01-26,25,COST,4080,Daily Wages
2025-01-26,25,REVENUE,6023.076923076924,Deposit for #140
2025-01-27,26,COST,300,Daily Overheads
2025-01-27,26,COST,4080,Daily Wages
2025-01-28,27,COST,300,Daily Overheads
2025-01-28,27,COST,4080,Daily Wages
2025-01-29,28,COST,300,Daily Overheads
2025-01-29,28,COST,4080,Daily Wages
2025-01-30,29,COST,300,Daily Overheads
2025-01-30,29,COST,4080,Daily Wages
2025-01-30,29,REVENUE,5630.7692307692305,Deposit for #144
2025-01-30,29,REVENUE,4546.153846153846,Final payment for #130
2025-01-31,30,COST,300,Daily Overheads
2025-01-31,30,COST,4080,Daily Wages
2025-02-01,31,COST,300,Daily Overheads
2025-02-01,31,COST,4080,Daily Wages
2025-02-01,31,REVENUE,7280.7692307692305,Deposit for #147
2025-02-01,31,REVENUE,5330.7692307692305,Final payment for #129
2025-02-02,32,COST,300,Daily Overheads
2025-02-02,32,COST,4080,Daily Wages
2025-02-02,32,REVENUE,3836.538461538462,Final payment for #139
2025-02-02,32,COST,11200,Reordered 8 m³ of Victorian Ash
2025-02-03,33,COST,300,Daily Overheads
2025-02-03,33,COST,4080,Daily Wages
2025-02-03,33,REVENUE,7280.7692307692305,Deposit for #149
2025-02-04,34,COST,300,Daily Overheads
2025-02-04,34,COST,4080,Daily Wages
2025-02-04,34,COST,20000,Reordered 8 m³ of American Walnut
2025-02-05,35,COST,300,Daily Overheads
2025-02-05,35,COST,4080,Daily Wages
2025-02-06,36,COST,300,Daily Overheads
2025-02-06,36,COST,4080,Daily Wages
2025-02-07,37,COST,300,Daily Overheads
2025-02-07,37,COST,4080,Daily Wages
2025-02-07,37,REVENUE,6103.846153846154,Deposit for #154
2025-02-07,37,REVENUE,5330.7692307692305,Deposit for #155
2025-02-08,38,COST,300,Daily Overheads
2025-02-08,38,COST,4080,Daily Wages
2025-02-08,38,REVENUE,6496.153846153846,Deposit for #156
2025-02-09,39,COST,300,Daily Overheads
2025-02-09,39,COST,4080,Daily Wages
2025-02-09,39,REVENUE,6023.076923076924,Final payment for #140
2025-02-10,40,COST,300,Daily Overheads
2025-02-10,40,COST,4080,Daily Wages
2025-02-10,40,REVENUE,5630.7692307692305,Deposit for #160
2025-02-10,40,COST,12000,Reordered 10 m³ of Tasmanian Oak
2025-02-11,41,COST,300,Daily Overheads
2025-02-11,41,COST,4080,Daily Wages
2025-02-12,42,COST,300,Daily Overheads
2025-02-12,42,COST,4080,Daily Wages
2025-02-13,43,COST,300,Daily Overheads
2025-02-13,43,COST,4080,Daily Wages
2025-02-13,43,REVENUE,5238.461538461539,Deposit for #164
2025-02-14,44,COST,300,Daily Overheads
2025-02-14,44,COST,4080,Daily Wages
2025-02-14,44,REVENUE,6496.153846153846,Deposit for #165
2025-02-15,45,COST,300,Daily Overheads
2025-02-15,45,COST,4080,Daily Wages
2025-02-15,45,REVENUE,5630.7692307692305,Deposit for #167
2025-02-15,45,REVENUE,5630.7692307692305,Final payment for #144
2025-02-15,45,REVENUE,7280.7692307692305,Final payment for #147
2025-02-16,46,COST,300,Daily Overheads
2025-02-16,46,COST,4080,Daily Wages
2025-02-16,46,REVENUE,6103.846153846154,Final payment for #154
2025-02-17,47,COST,300,Daily Overheads
2025-02-17,47,COST,4080,Daily Wages
2025-02-18,48,COST,300,Daily Overheads
2025-02-18,48,COST,4080,Daily Wages
2025-02-18,48,COST,20000,Reordered 8 m³ of American Walnut
2025-02-18,48,COST,11200,Reordered 8 m³ of Victorian Ash
2025-02-19,49,COST,300,Daily Overheads
2025-02-19,49,COST,4080,Daily Wages
2025-02-19,49,REVENUE,7280.7692307692305,Final payment for #149
2025-02-20,50,COST,300,Daily Overheads
2025-02-20,50,COST,4080,Daily Wages
2025-02-20,50,REVENUE,5630.7692307692305,Deposit for #174
2025-02-20,50,REVENUE,6496.153846153846,Final payment for #156
2025-02-21,51,COST,300,Daily Overheads
2025-02-21,51,COST,4080,Daily Wages
2025-02-21,51,REVENUE,4453.846153846154,Deposit for #176
2025-02-21,51,REVENUE,5330.7692307692305,Final payment for #155
2025-02-22,52,COST,300,Daily Overheads
2025-02-22,52,COST,4080,Daily Wages
2025-02-22,52,REVENUE,5630.7692307692305,Deposit for #177
2025-02-23,53,COST,300,Daily Overheads
2025-02-23,53,COST,4080,Daily Wages
2025-02-23,53,REVENUE,6023.076923076924,Deposit for #180
2025-02-23,53,REVENUE,5238.461538461539,Final payment for #164
2025-02-24,54,COST,300,Daily Overheads
2025-02-24,54,COST,4080,Daily Wages
2025-02-25,55,COST,300,Daily Overheads
2025-02-25,55,COST,4080,Daily Wages
2025-02-25,55,REVENUE,4453.846153846154,Deposit for #183
2025-02-25,55,REVENUE,5630.7692307692305,Final payment for #160
2025-02-26,56,COST,300,Daily Overheads
2025-02-26,56,COST,4080,Daily Wages
2025-02-26,56,COST,11200,Reordered 8 m³ of Victorian Ash
2025-02-27,57,COST,300,Daily Overheads
2025-02-27,57,COST,4080,Daily Wages
2025-02-27,57,REVENUE,6023.076923076924,Deposit for #185
2025-02-27,57,REVENUE,6496.153846153846,Final payment for #165
2025-02-28,58,COST,300,Daily Overheads
2025-02-28,58,COST,4080,Daily Wages
2025-03-01,59,COST,300,Daily Overheads
2025-03-01,59,COST,4080,Daily Wages
2025-03-01,59,REVENUE,6103.846153846154,Deposit for #187
2025-03-02,60,COST,300,Daily Overheads
2025-03-02,60,COST,4080,Daily Wages
2025-03-02,60,REVENUE,4846.153846153846,Deposit for #189
2025-03-02,60,REVENUE,5238.461538461539,Deposit for #190
2025-03-02,60,REVENUE,5630.7692307692305,Final payment for #167
2025-03-02,60,REVENUE,4453.846153846154,Final payment for #176
2025-03-03,61,COST,300,Daily Overheads
2025-03-03,61,COST,4080,Daily Wages
2025-03-04,62,COST,300,Daily Overheads
2025-03-04,62,COST,4080,Daily Wages
2025-03-04,62,REVENUE,6103.846153846154,Deposit for #193
2025-03-04,62,COST,11200,Reordered 8 m³ of Victorian Ash
2025-03-05,63,COST,300,Daily Overheads
2025-03-05,63,COST,4080,Daily Wages
2025-03-05,63,REVENUE,4546.153846153846,Deposit for #194
2025-03-05,63,REVENUE,7015.384615384615,Deposit for #195
2025-03-06,64,COST,300,Daily Overheads
2025-03-06,64,COST,4080,Daily Wages
2025-03-06,64,REVENUE,4938.461538461539,Deposit for #197
2025-03-06,64,REVENUE,5630.7692307692305,Final payment for #174
2025-03-06,64,REVENUE,4453.846153846154,Final payment for #183
2025-03-07,65,COST,300,Daily Overheads
2025-03-07,65,COST,4080,Daily Wages
2025-03-07,65,REVENUE,6496.153846153846,Deposit for #198
2025-03-08,66,COST,300,Daily Overheads
2025-03-08,66,COST,4080,Daily Wages
2025-03-08,66,REVENUE,4938.461538461539,Deposit for #200
2025-03-08,66,REVENUE,5630.7692307692305,Final payment for #177
2025-03-09,67,COST,300,Daily Overheads
2025-03-09,67,COST,4080,Daily Wages
2025-03-10,68,COST,300,Daily Overheads
2025-03-10,68,COST,4080,Daily Wages
2025-03-10,68,REVENUE,6023.076923076924,Final payment for #180
2025-03-10,68,REVENUE,6103.846153846154,Final payment for #187
2025-03-11,69,COST,300,Daily Overheads
2025-03-11,69,COST,4080,Daily Wages
2025-03-12,70,COST,300,Daily Overheads
2025-03-12,70,COST,4080,Daily Wages
2025-03-13,71,COST,300,Daily Overheads
2025-03-13,71,COST,4080,Daily Wages
2025-03-13,71,REVENUE,6023.076923076924,Final payment for #185
2025-03-13,71,REVENUE,4846.153846153846,Final payment for #189
2025-03-13,71,REVENUE,6103.846153846154,Final payment for #193
2025-03-14,72,COST,300,Daily Overheads
2025-03-14,72,COST,4080,Daily Wages
2025-03-14,72,REVENUE,6496.153846153846,Deposit for #209
2025-03-14,72,REVENUE,6496.153846153846,Deposit for #210
2025-03-14,72,REVENUE,5238.461538461539,Final payment for #190
2025-03-15,73,COST,300,Daily Overheads
2025-03-15,73,COST,4080,Daily Wages
2025-03-15,73,REVENUE,6103.846153846154,Deposit for #211
2025-03-16,74,COST,300,Daily Overheads
2025-03-16,74,COST,4080,Daily Wages
2025-03-16,74,REVENUE,7015.384615384615,Deposit for #213
2025-03-16,74,REVENUE,6888.461538461539,Deposit for #214
2025-03-16,74,COST,20000,Reordered 8 m³ of American Walnut
2025-03-17,75,COST,300,Daily Overheads
2025-03-17,75,COST,4080,Daily Wages
2025-03-17,75,REVENUE,4546.153846153846,Final payment for #194
2025-03-18,76,COST,300,Daily Overheads
2025-03-18,76,COST,4080,Daily Wages
2025-03-18,76,REVENUE,4546.153846153846,Deposit for #216
2025-03-18,76,REVENUE,4938.461538461539,Final payment for #197
2025-03-18,76,REVENUE,6496.153846153846,Final payment for #198
2025-03-19,77,COST,300,Daily Overheads
2025-03-19,77,COST,4080,Daily Wages
2025-03-19,77,REVENUE,5238.461538461539,Deposit for #217
2025-03-19,77,REVENUE,5630.7692307692305,Deposit for #218
2025-03-19,77,COST,12000,Reordered 10 m³ of Tasmanian Oak
2025-03-20,78,COST,300,Daily Overheads
2025-03-20,78,COST,4080,Daily Wages
2025-03-21,79,COST,300,Daily Overheads
2025-03-21,79,COST,4080,Daily Wages
2025-03-21,79,REVENUE,6496.153846153846,Deposit for #221
2025-03-22,80,COST,300,Daily Overheads
2025-03-22,80,COST,4080,Daily Wages
2025-03-22,80,REVENUE,4453.846153846154,Deposit for #222
2025-03-22,80,REVENUE,7015.384615384615,Final payment for #195
2025-03-22,80,REVENUE,4938.461538461539,Final payment for #200
2025-03-23,81,COST,300,Daily Overheads
2025-03-23,81,COST,4080,Daily Wages
2025-03-24,82,COST,300,Daily Overheads
2025-03-24,82,COST,4080,Daily Wages
2025-03-24,82,REVENUE,7673.076923076924,Deposit for #226
2025-03-24,82,REVENUE,6496.153846153846,Deposit for #227
2025-03-25,83,COST,300,Daily Overheads
2025-03-25,83,COST,4080,Daily Wages
2025-03-25,83,REVENUE,5330.7692307692305,Deposit for #229
2025-03-25,83,REVENUE,6496.153846153846,Final payment for #209
2025-03-25,83,REVENUE,6103.846153846154,Final payment for #211
2025-03-25,83,COST,20000,Reordered 8 m³ of American Walnut
2025-03-26,84,COST,300,Daily Overheads
2025-03-26,84,COST,4080,Daily Wages
2025-03-26,84,REVENUE,6496.153846153846,Deposit for #231
2025-03-26,84,REVENUE,6496.153846153846,Final payment for #210
2025-03-26,84,REVENUE,6888.461538461539,Final payment for #214
2025-03-27,85,COST,300,Daily Overheads
2025-03-27,85,COST,4080,Daily Wages
2025-03-27,85,REVENUE,6888.461538461539,Deposit for #233
2025-03-27,85,COST,11200,Reordered 8 m³ of Victorian Ash
2025-03-28,86,COST,300,Daily Overheads
2025-03-28,86,COST,4080,Daily Wages
2025-03-29,87,COST,300,Daily Overheads
2025-03-29,87,COST,4080,Daily Wages
2025-03-29,87,REVENUE,2861.538461538462,Deposit for #236
2025-03-30,88,COST,300,Daily Overheads
2025-03-30,88,COST,4080,Daily Wages
2025-03-30,88,REVENUE,4546.153846153846,Final payment for #216
2025-03-30,88,REVENUE,5238.461538461539,Final payment for #217
2025-03-31,89,COST,300,Daily Overheads
2025-03-31,89,COST,4080,Daily Wages
2025-03-31,89,REVENUE,5723.076923076924,Deposit for #240
2025-04-01,90,COST,300,Daily Overheads
2025-04-01,90,COST,4080,Daily Wages
2025-04-01,90,REVENUE,7673.076923076924,Deposit for #241
2025-04-02,91,COST,300,Daily Overheads
2025-04-02,91,COST,4080,Daily Wages
2025-04-02,91,REVENUE,7015.384615384615,Final payment for #213
2025-04-02,91,REVENUE,4453.846153846154,Final payment for #222
2025-04-02,91,COST,20000,Reordered 8 m³ of American Walnut
2025-04-03,92,COST,300,Daily Overheads
2025-04-03,92,COST,4080,Daily Wages
2025-04-03,92,REVENUE,2469.2307692307695,Deposit for #246
2025-04-03,92,REVENUE,6496.153846153846,Final payment for #221
2025-04-03,92,COST,12000,Reordered 10 m³ of Tasmanian Oak
2025-04-04,93,COST,300,Daily Overheads
2025-04-04,93,COST,4080,Daily Wages
2025-04-04,93,REVENUE,6496.153846153846,Final payment for #227
2025-04-05,94,COST,300,Daily Overheads
2025-04-05,94,COST,4080,Daily Wages
2025-04-06,95,COST,300,Daily Overheads
2025-04-06,95,COST,4080,Daily Wages
2025-04-06,95,REVENUE,6100,Deposit for #251
2025-04-06,95,REVENUE,6150,Deposit for #252
2025-04-07,96,COST,300,Daily Overheads
2025-04-07,96,COST,3840,Daily Wages
2025-04-08,97,COST,300,Daily Overheads
2025-04-08,97,COST,3840,Daily Wages
2025-04-08,97,REVENUE,6100,Deposit for #256
2025-04-08,97,REVENUE,2861.538461538462,Final payment for #236
2025-04-09,98,COST,300,Daily Overheads
2025-04-09,98,COST,3840,Daily Wages
2025-04-09,98,REVENUE,3475,Deposit for #257
2025-04-09,98,REVENUE,5630.7692307692305,Final payment for #218
2025-04-09,98,REVENUE,6496.153846153846,Final payment for #231
2025-04-10,99,COST,300,Daily Overheads
2025-04-10,99,COST,3840,Daily Wages
2025-04-10,99,REVENUE,5700,Deposit for #259
2025-04-10,99,REVENUE,7673.076923076924,Final payment for #226
2025-04-10,99,REVENUE,5330.7692307692305,Final payment for #229
2025-04-10,99,REVENUE,6888.461538461539,Final payment for #233
2025-04-11,100,COST,300,Daily Overheads
2025-04-11,100,COST,3840,Daily Wages
2025-04-11,100,REVENUE,7673.076923076924,Deposit for #261
2025-04-12,101,COST,300,Daily Overheads
2025-04-12,101,COST,4080,Daily Wages
2025-04-12,101,REVENUE,7280.7692307692305,Deposit for #264
2025-04-13,102,COST,300,Daily Overheads
2025-04-13,102,COST,4080,Daily Wages
2025-04-13,102,REVENUE,2469.2307692307695,Final payment for #246
2025-04-14,103,COST,300,Daily Overheads
2025-04-14,103,COST,4080,Daily Wages
2025-04-14,103,REVENUE,4546.153846153846,Deposit for #267
2025-04-15,104,COST,300,Daily Overheads
2025-04-15,104,COST,4080,Daily Wages
2025-04-15,104,REVENUE,3836.538461538462,Deposit for #268
2025-04-15,104,COST,20000,Reordered 8 m³ of American Walnut
2025-04-15,104,COST,11200,Reordered 8 m³ of Victorian Ash
2025-04-16,105,COST,300,Daily Overheads
2025-04-16,105,COST,4080,Daily Wages
2025-04-16,105,REVENUE,5723.076923076924,Deposit for #271
2025-04-16,105,REVENUE,7673.076923076924,Final payment for #241
2025-04-16,105,REVENUE,6150,Final payment for #252
2025-04-16,105,REVENUE,3475,Final payment for #257
2025-04-17,106,COST,300,Daily Overheads
2025-04-17,106,COST,4080,Daily Wages
2025-04-17,106,REVENUE,4453.846153846154,Deposit for #272
2025-04-17,106,REVENUE,5723.076923076924,Final payment for #240
2025-04-18,107,COST,300,Daily Overheads
2025-04-18,107,COST,4080,Daily Wages
2025-04-19,108,COST,300,Daily Overheads
2025-04-19,108,COST,4080,Daily Wages
2025-04-19,108,REVENUE,4846.153846153846,Deposit for #276
2025-04-20,109,COST,300,Daily Overheads
2025-04-20,109,COST,4080,Daily Wages
2025-04-20,109,REVENUE,4846.153846153846,Deposit for #279
2025-04-21,110,COST,300,Daily Overheads
2025-04-21,110,COST,4080,Daily Wages
2025-04-22,111,COST,300,Daily Overheads
2025-04-22,111,COST,4080,Daily Wages
2025-04-22,111,REVENUE,2861.538461538462,Deposit for #282
2025-04-23,112,COST,300,Daily Overheads
2025-04-23,112,COST,4080,Daily Wages
2025-04-23,112,REVENUE,6496.153846153846,Deposit for #285
2025-04-23,112,REVENUE,3836.538461538462,Final payment for #268
2025-04-24,113,COST,300,Daily Overheads
2025-04-24,113,COST,4080,Daily Wages
2025-04-24,113,REVENUE,6100,Final payment for #251
2025-04-24,113,REVENUE,6100,Final payment for #256
2025-04-24,113,REVENUE,4546.153846153846,Final payment for #267
2025-04-25,114,COST,300,Daily Overheads
2025-04-25,114,COST,4080,Daily Wages
2025-04-26,115,COST,300,Daily Overheads
2025-04-26,115,COST,4080,Daily Wages
2025-04-26,115,REVENUE,4546.153846153846,Deposit for #291
2025-04-27,116,COST,300,Daily Overheads
2025-04-27,116,COST,4080,Daily Wages
2025-04-27,116,REVENUE,5330.7692307692305,Deposit for #293
2025-04-27,116,REVENUE,5700,Final payment for #259
2025-04-28,117,COST,300,Daily Overheads
2025-04-28,117,COST,4080,Daily Wages
2025-04-28,117,REVENUE,7280.7692307692305,Deposit for #294
2025-04-28,117,REVENUE,7280.7692307692305,Final payment for #264
2025-04-29,118,COST,300,Daily Overheads
2025-04-29,118,COST,4080,Daily Wages
2025-04-29,118,REVENUE,6888.461538461539,Deposit for #297
2025-04-29,118,REVENUE,7673.076923076924,Final payment for #261
2025-04-30,119,COST,300,Daily Overheads
2025-04-30,119,COST,4080,Daily Wages
2025-04-30,119,REVENUE,7465.384615384615,Deposit for #299
2025-04-30,119,REVENUE,5723.076923076924,Final payment for #271
2025-04-30,119,COST,12000,Reordered 10 m³ of Tasmanian Oak
2025-05-01,120,COST,300,Daily Overheads
2025-05-01,120,COST,4080,Daily Wages
2025-05-01,120,REVENUE,4453.846153846154,Final payment for #272
2025-05-01,120,REVENUE,2861.538461538462,Final payment for #282
2025-05-01,120,COST,20000,Reordered 8 m³ of American Walnut
2025-05-02,121,COST,300,Daily Overheads
2025-05-02,121,COST,4080,Daily Wages
2025-05-02,121,REVENUE,4846.153846153846,Final payment for #276
2025-05-02,121,REVENUE,4846.153846153846,Final payment for #279
2025-05-03,122,COST,300,Daily Overheads
2025-05-03,122,COST,4080,Daily Wages
2025-05-03,122,COST,11200,Reordered 8 m³ of Victorian Ash
2025-05-04,123,COST,300,Daily Overheads
2025-05-04,123,COST,4080,Daily Wages
2025-05-04,123,REVENUE,7015.384615384615,Deposit for #306
2025-05-05,124,COST,300,Daily Overheads
2025-05-05,124,COST,4080,Daily Wages
2025-05-05,124,REVENUE,3444.2307692307695,Deposit for #309
2025-05-06,125,COST,300,Daily Overheads
2025-05-06,125,COST,4080,Daily Wages
2025-05-06,125,REVENUE,4453.846153846154,Deposit for #310
2025-05-06,125,REVENUE,6496.153846153846,Final payment for #285
2025-05-06,125,REVENUE,4546.153846153846,Final payment for #291
2025-05-07,126,COST,300,Daily Overheads
2025-05-07,126,COST,4080,Daily Wages
2025-05-08,127,COST,300,Daily Overheads
2025-05-08,127,COST,4080,Daily Wages
2025-05-09,128,COST,300,Daily Overheads
2025-05-09,128,COST,4080,Daily Wages
2025-05-10,129,COST,300,Daily Overheads
2025-05-10,129,COST,4080,Daily Wages
2025-05-10,129,REVENUE,5630.7692307692305,Deposit for #317
2025-05-11,130,COST,300,Daily Overheads
2025-05-11,130,COST,4080,Daily Wages
2025-05-11,130,REVENUE,6496.153846153846,Deposit for #318
2025-05-11,130,REVENUE,6888.461538461539,Final payment for #297
2025-05-11,130,REVENUE,3444.2307692307695,Final payment for #309
2025-05-12,131,COST,300,Daily Overheads
2025-05-12,131,COST,4080,Daily Wages
2025-05-12,131,REVENUE,5330.7692307692305,Final payment for #293
2025-05-12,131,REVENUE,7280.7692307692305,Final payment for #294
2025-05-13,132,COST,300,Daily Overheads
2025-05-13,132,COST,4080,Daily Wages
2025-05-13,132,REVENUE,4938.461538461539,Deposit for #321
2025-05-14,133,COST,300,Daily Overheads
2025-05-14,133,COST,4080,Daily Wages
2025-05-14,133,REVENUE,6888.461538461539,Deposit for #322
2025-05-14,133,REVENUE,4846.153846153846,Deposit for #323
2025-05-15,134,COST,300,Daily Overheads
2025-05-15,134,COST,4080,Daily Wages
2025-05-15,134,REVENUE,4453.846153846154,Final payment for #310
2025-05-16,135,COST,300,Daily Overheads
2025-05-16,135,COST,4080,Daily Wages
2025-05-16,135,REVENUE,4153.846153846154,Deposit for #325
2025-05-16,135,REVENUE,7465.384615384615,Final payment for #299
2025-05-16,135,COST,11200,Reordered 8 m³ of Victorian Ash
2025-05-17,136,COST,300,Daily Overheads
2025-05-17,136,COST,4080,Daily Wages
2025-05-17,136,REVENUE,4453.846153846154,Deposit for #327
2025-05-18,137,COST,300,Daily Overheads
2025-05-18,137,COST,4080,Daily Wages
2025-05-19,138,COST,300,Daily Overheads
2025-05-19,138,COST,4080,Daily Wages
2025-05-19,138,REVENUE,4938.461538461539,Deposit for #331
2025-05-20,139,COST,300,Daily Overheads
2025-05-20,139,COST,4080,Daily Wages
2025-05-20,139,REVENUE,4453.846153846154,Deposit for #332
2025-05-21,140,COST,300,Daily Overheads
2025-05-21,140,COST,4080,Daily Wages
2025-05-21,140,REVENUE,7412.5,Deposit for #334
2025-05-21,140,REVENUE,7015.384615384615,Final payment for #306
2025-05-22,141,COST,300,Daily Overheads
2025-05-22,141,COST,3720,Daily Wages
2025-05-22,141,REVENUE,5200,Deposit for #337
2025-05-23,142,COST,300,Daily Overheads
2025-05-23,142,COST,3720,Daily Wages
2025-05-23,142,REVENUE,4425,Deposit for #339
2025-05-23,142,REVENUE,6496.153846153846,Final payment for #318
2025-05-23,142,COST,12000,Reordered 10 m³ of Tasmanian Oak
2025-05-24,143,COST,300,Daily Overheads
2025-05-24,143,COST,3720,Daily Wages
2025-05-24,143,REVENUE,3812.5,Deposit for #340
2025-05-24,143,REVENUE,6888.461538461539,Final payment for #322
2025-05-24,143,REVENUE,4846.153846153846,Final payment for #323
2025-05-25,144,COST,300,Daily Overheads
2025-05-25,144,COST,3720,Daily Wages
2025-05-25,144,REVENUE,5675,Deposit for #342
2025-05-25,144,REVENUE,4938.461538461539,Final payment for #321
2025-05-26,145,COST,300,Daily Overheads
2025-05-26,145,COST,3720,Daily Wages
2025-05-26,145,REVENUE,4153.846153846154,Final payment for #325
2025-05-26,145,COST,11200,Reordered 8 m³ of Victorian Ash
2025-05-27,146,COST,300,Daily Overheads
2025-05-27,146,COST,3720,Daily Wages
2025-05-27,146,REVENUE,4453.846153846154,Final payment for #327
2025-05-28,147,COST,300,Daily Overheads
2025-05-28,147,COST,3720,Daily Wages
2025-05-28,147,REVENUE,5630.7692307692305,Final payment for #317
2025-05-29,148,COST,300,Daily Overheads
2025-05-29,148,COST,3720,Daily Wages
2025-05-29,148,REVENUE,5675,Deposit for #349
2025-05-30,149,COST,300,Daily Overheads
2025-05-30,149,COST,3720,Daily Wages
2025-05-31,150,COST,300,Daily Overheads
2025-05-31,150,COST,3720,Daily Wages
2025-05-31,150,REVENUE,4938.461538461539,Final payment for #331
2025-05-31,150,REVENUE,4453.846153846154,Final payment for #332
2025-06-01,151,COST,300,Daily Overheads
2025-06-01,151,COST,4080,Daily Wages
2025-06-01,151,REVENUE,6888.461538461539,Deposit for #355
2025-06-02,152,COST,300,Daily Overheads
2025-06-02,152,COST,4080,Daily Wages
2025-06-02,152,REVENUE,6103.846153846154,Deposit for #357
2025-06-03,153,COST,300,Daily Overheads
2025-06-03,153,COST,4080,Daily Wages
2025-06-03,153,REVENUE,4546.153846153846,Deposit for #358
2025-06-03,153,COST,20000,Reordered 8 m³ of American Walnut
2025-06-04,154,COST,300,Daily Overheads
2025-06-04,154,COST,4080,Daily Wages
2025-06-04,154,REVENUE,5200,Final payment for #337
2025-06-04,154,REVENUE,4425,Final payment for #339
2025-06-04,154,REVENUE,3812.5,Final payment for #340
2025-06-05,155,COST,300,Daily Overheads
2025-06-05,155,COST,4080,Daily Wages
2025-06-05,155,REVENUE,4846.153846153846,Deposit for #361
2025-06-06,156,COST,300,Daily Overheads
2025-06-06,156,COST,4080,Daily Wages
2025-06-06,156,REVENUE,6888.461538461539,Deposit for #362
2025-06-07,157,COST,300,Daily Overheads
2025-06-07,157,COST,4080,Daily Wages
2025-06-07,157,REVENUE,4938.461538461539,Deposit for #363
2025-06-08,158,COST,300,Daily Overheads
2025-06-08,158,COST,4080,Daily Wages
2025-06-08,158,REVENUE,7412.5,Final payment for #334
2025-06-09,159,COST,300,Daily Overheads
2025-06-09,159,COST,4080,Daily Wages
2025-06-10,160,COST,300,Daily Overheads
2025-06-10,160,COST,4080,Daily Wages
2025-06-10,160,REVENUE,3836.538461538462,Deposit for #367
2025-06-10,160,COST,12000,Reordered 10 m³ of Tasmanian Oak
2025-06-11,161,COST,300,Daily Overheads
2025-06-11,161,COST,4080,Daily Wages
2025-06-12,162,COST,300,Daily Overheads
2025-06-12,162,COST,4080,Daily Wages
2025-06-12,162,REVENUE,5675,Final payment for #342
2025-06-12,162,REVENUE,5675,Final payment for #349
2025-06-12,162,REVENUE,6888.461538461539,Final payment for #355
2025-06-12,162,REVENUE,6103.846153846154,Final payment for #357
2025-06-13,163,COST,300,Daily Overheads
2025-06-13,163,COST,4080,Daily Wages
2025-06-13,163,REVENUE,6103.846153846154,Deposit for #371
2025-06-13,163,REVENUE,2861.538461538462,Deposit for #372
2025-06-14,164,COST,300,Daily Overheads
2025-06-14,164,COST,4080,Daily Wages
2025-06-14,164,REVENUE,5330.7692307692305,Deposit for #373
2025-06-15,165,COST,300,Daily Overheads
2025-06-15,165,COST,4080,Daily Wages
2025-06-15,165,REVENUE,4546.153846153846,Final payment for #358
2025-06-15,165,COST,20000,Reordered 8 m³ of American Walnut
2025-06-16,166,COST,300,Daily Overheads
2025-06-16,166,COST,4080,Daily Wages
2025-06-17,167,COST,300,Daily Overheads
2025-06-17,167,COST,4080,Daily Wages
2025-06-17,167,REVENUE,6888.461538461539,Deposit for #377
2025-06-17,167,REVENUE,4846.153846153846,Final payment for #361
2025-06-18,168,COST,300,Daily Overheads
2025-06-18,168,COST,4080,Daily Wages
2025-06-18,168,REVENUE,6888.461538461539,Final payment for #362
2025-06-18,168,REVENUE,3836.538461538462,Final payment for #367
2025-06-19,169,COST,300,Daily Overheads
2025-06-19,169,COST,4080,Daily Wages
2025-06-19,169,REVENUE,6023.076923076924,Deposit for #379
2025-06-19,169,REVENUE,4938.461538461539,Final payment for #363
2025-06-20,170,COST,300,Daily Overheads
2025-06-20,170,COST,4080,Daily Wages
2025-06-21,171,COST,300,Daily Overheads
2025-06-21,171,COST,4080,Daily Wages
2025-06-21,171,REVENUE,4938.461538461539,Deposit for #381
2025-06-22,172,COST,300,Daily Overheads
2025-06-22,172,COST,4080,Daily Wages
2025-06-22,172,REVENUE,5330.7692307692305,Deposit for #382
2025-06-22,172,REVENUE,6103.846153846154,Final payment for #371
2025-06-22,172,REVENUE,2861.538461538462,Final payment for #372
2025-06-23,173,COST,300,Daily Overheads
2025-06-23,173,COST,4080,Daily Wages
2025-06-24,174,COST,300,Daily Overheads
2025-06-24,174,COST,4080,Daily Wages
2025-06-24,174,REVENUE,4546.153846153846,Deposit for #385
2025-06-25,175,COST,300,Daily Overheads
2025-06-25,175,COST,4080,Daily Wages
2025-06-25,175,REVENUE,7673.076923076924,Deposit for #386
2025-06-26,176,COST,300,Daily Overheads
2025-06-26,176,COST,4080,Daily Wages
2025-06-26,176,REVENUE,5330.7692307692305,Deposit for #387
2025-06-27,177,COST,300,Daily Overheads
2025-06-27,177,COST,4080,Daily Wages
2025-06-27,177,REVENUE,5723.076923076924,Deposit for #388
2025-06-27,177,REVENUE,6888.461538461539,Final payment for #377
2025-06-28,178,COST,300,Daily Overheads
2025-06-28,178,COST,4080,Daily Wages
2025-06-28,178,REVENUE,5330.7692307692305,Deposit for #389
2025-06-28,178,REVENUE,5330.7692307692305,Final payment for #373
2025-06-29,179,COST,300,Daily Overheads
2025-06-29,179,COST,4080,Daily Wages
2025-06-29,179,REVENUE,6103.846153846154,Deposit for #390
2025-06-30,180,COST,300,Daily Overheads
2025-06-30,180,COST,4080,Daily Wages
2025-06-30,180,COST,12000,Reordered 10 m³ of Tasmanian Oak
2025-07-01,181,COST,300,Daily Overheads
2025-07-01,181,COST,4080,Daily Wages
2025-07-01,181,REVENUE,4938.461538461539,Final payment for #381
2025-07-02,182,COST,300,Daily Overheads
2025-07-02,182,COST,4080,Daily Wages
2025-07-02,182,REVENUE,4846.153846153846,Deposit for #393
2025-07-03,183,COST,300,Daily Overheads
2025-07-03,183,COST,4080,Daily Wages
2025-07-03,183,REVENUE,6023.076923076924,Final payment for #379
2025-07-04,184,COST,300,Daily Overheads
2025-07-04,184,COST,4080,Daily Wages
2025-07-04,184,REVENUE,3011.538461538462,Deposit for #395
2025-07-04,184,COST,11200,Reordered 8 m³ of Victorian Ash
2025-07-05,185,COST,300,Daily Overheads
2025-07-05,185,COST,4080,Daily Wages
2025-07-05,185,REVENUE,3836.538461538462,Deposit for #397
2025-07-06,186,COST,300,Daily Overheads
2025-07-06,186,COST,4080,Daily Wages
2025-07-06,186,REVENUE,4846.153846153846,Deposit for #398
2025-07-06,186,REVENUE,4546.153846153846,Final payment for #385
2025-07-07,187,COST,300,Daily Overheads
2025-07-07,187,COST,4080,Daily Wages
2025-07-07,187,REVENUE,5330.7692307692305,Final payment for #382
2025-07-08,188,COST,300,Daily Overheads
2025-07-08,188,COST,4080,Daily Wages
2025-07-08,188,REVENUE,6103.846153846154,Final payment for #390
2025-07-09,189,COST,300,Daily Overheads
2025-07-09,189,COST,4080,Daily Wages
2025-07-09,189,REVENUE,4153.846153846154,Deposit for #402
2025-07-09,189,REVENUE,7673.076923076924,Final payment for #386
2025-07-10,190,COST,300,Daily Overheads
2025-07-10,190,COST,4080,Daily Wages
2025-07-10,190,REVENUE,4938.461538461539,Deposit for #403
2025-07-11,191,COST,300,Daily Overheads
2025-07-11,191,COST,4080,Daily Wages
2025-07-11,191,REVENUE,4846.153846153846,Deposit for #404
2025-07-11,191,REVENUE,4938.461538461539,Deposit for #405
2025-07-12,192,COST,300,Daily Overheads
2025-07-12,192,COST,4080,Daily Wages
2025-07-12,192,REVENUE,3011.538461538462,Deposit for #406
2025-07-12,192,REVENUE,4846.153846153846,Final payment for #393
2025-07-13,193,COST,300,Daily Overheads
2025-07-13,193,COST,4080,Daily Wages
2025-07-13,193,REVENUE,5330.7692307692305,Final payment for #387
2025-07-13,193,REVENUE,5330.7692307692305,Final payment for #389
2025-07-13,193,REVENUE,3836.538461538462,Final payment for #397
2025-07-13,193,COST,12000,Reordered 10 m³ of Tasmanian Oak
2025-07-14,194,COST,300,Daily Overheads
2025-07-14,194,COST,4080,Daily Wages
2025-07-14,194,REVENUE,3011.538461538462,Final payment for #395
2025-07-15,195,COST,300,Daily Overheads
2025-07-15,195,COST,4080,Daily Wages
2025-07-15,195,REVENUE,6550,Deposit for #409
2025-07-16,196,COST,300,Daily Overheads
2025-07-16,196,COST,3840,Daily Wages
2025-07-16,196,REVENUE,4900,Deposit for #410
2025-07-16,196,REVENUE,4500,Deposit for #411
2025-07-16,196,REVENUE,5723.076923076924,Final payment for #388
2025-07-17,197,COST,300,Daily Overheads
2025-07-17,197,COST,3840,Daily Wages
2025-07-17,197,REVENUE,7350,Deposit for #412
2025-07-17,197,REVENUE,4900,Deposit for #413
2025-07-17,197,REVENUE,4846.153846153846,Final payment for #398
2025-07-17,197,COST,20000,Reordered 8 m³ of American Walnut
2025-07-18,198,COST,300,Daily Overheads
2025-07-18,198,COST,3840,Daily Wages
2025-07-18,198,REVENUE,5300,Deposit for #414
2025-07-18,198,REVENUE,4153.846153846154,Final payment for #402
2025-07-18,198,COST,11200,Reordered 8 m³ of Victorian Ash
2025-07-19,199,COST,300,Daily Overheads
2025-07-19,199,COST,3840,Daily Wages
2025-07-19,199,REVENUE,7350,Deposit for #415
2025-07-20,200,COST,300,Daily Overheads
2025-07-20,200,COST,3840,Daily Wages
2025-07-21,201,COST,300,Daily Overheads
2025-07-21,201,COST,3840,Daily Wages
2025-07-21,201,REVENUE,4938.461538461539,Final payment for #403
2025-07-21,201,REVENUE,4846.153846153846,Final payment for #404
2025-07-21,201,REVENUE,4938.461538461539,Final payment for #405
2025-07-21,201,REVENUE,3011.538461538462,Final payment for #406
2025-07-22,202,COST,300,Daily Overheads
2025-07-22,202,COST,3840,Daily Wages
2025-07-23,203,COST,300,Daily Overheads
2025-07-23,203,COST,3600,Daily Wages
2025-07-24,204,COST,300,Daily Overheads
2025-07-24,204,COST,3600,Daily Wages
2025-07-24,204,REVENUE,4554.545454545454,Deposit for #421
2025-07-25,205,COST,300,Daily Overheads
2025-07-25,205,COST,3600,Daily Wages
2025-07-25,205,REVENUE,4500,Final payment for #411
2025-07-26,206,COST,300,Daily Overheads
2025-07-26,206,COST,3840,Daily Wages
2025-07-26,206,REVENUE,3050,Deposit for #424
2025-07-26,206,REVENUE,6550,Final payment for #409
2025-07-26,206,REVENUE,4900,Final payment for #410
2025-07-26,206,COST,11200,Reordered 8 m³ of Victorian Ash
2025-07-27,207,COST,300,Daily Overheads
2025-07-27,207,COST,3840,Daily Wages
2025-07-27,207,REVENUE,3456.818181818182,Deposit for #425
2025-07-28,208,COST,300,Daily Overheads
2025-07-28,208,COST,3480,Daily Wages
2025-07-28,208,REVENUE,2481.818181818182,Deposit for #426
2025-07-28,208,REVENUE,4568.181818181818,Deposit for #427
2025-07-29,209,COST,300,Daily Overheads
2025-07-29,209,COST,3480,Daily Wages
2025-07-29,209,REVENUE,4963.636363636364,Deposit for #428
2025-07-30,210,COST,300,Daily Overheads
2025-07-30,210,COST,3480,Daily Wages
2025-07-30,210,REVENUE,3027.272727272727,Deposit for #430
2025-07-30,210,REVENUE,4900,Final payment for #413
2025-07-30,210,REVENUE,5300,Final payment for #414
2025-07-31,211,COST,300,Daily Overheads
2025-07-31,211,COST,3480,Daily Wages
2025-07-31,211,REVENUE,7350,Final payment for #412
2025-08-01,212,COST,300,Daily Overheads
2025-08-01,212,COST,3720,Daily Wages
2025-08-02,213,COST,300,Daily Overheads
2025-08-02,213,COST,3720,Daily Wages
2025-08-02,213,REVENUE,3456.818181818182,Final payment for #425
2025-08-03,214,COST,300,Daily Overheads
2025-08-03,214,COST,3720,Daily Wages
2025-08-03,214,REVENUE,7350,Final payment for #415
2025-08-03,214,REVENUE,4554.545454545454,Final payment for #421
2025-08-04,215,COST,300,Daily Overheads
2025-08-04,215,COST,3720,Daily Wages
2025-08-04,215,REVENUE,6888.461538461539,Deposit for #437
2025-08-04,215,REVENUE,3050,Final payment for #424
2025-08-04,215,REVENUE,2481.818181818182,Final payment for #426
2025-08-05,216,COST,300,Daily Overheads
2025-08-05,216,COST,4080,Daily Wages
2025-08-05,216,REVENUE,3836.538461538462,Deposit for #438
2025-08-05,216,REVENUE,4453.846153846154,Deposit for #439
2025-08-06,217,COST,300,Daily Overheads
2025-08-06,217,COST,4080,Daily Wages
2025-08-06,217,REVENUE,4153.846153846154,Deposit for #440
2025-08-06,217,COST,20000,Reordered 8 m³ of American Walnut
2025-08-07,218,COST,300,Daily Overheads
2025-08-07,218,COST,4080,Daily Wages
2025-08-07,218,REVENUE,6496.153846153846,Deposit for #442
2025-08-07,218,REVENUE,4568.181818181818,Final payment for #427
2025-08-07,218,REVENUE,3027.272727272727,Final payment for #430
2025-08-08,219,COST,300,Daily Overheads
2025-08-08,219,COST,4080,Daily Wages
2025-08-09,220,COST,300,Daily Overheads
2025-08-09,220,COST,4080,Daily Wages
2025-08-09,220,REVENUE,4963.636363636364,Final payment for #428
2025-08-10,221,COST,300,Daily Overheads
2025-08-10,221,COST,4080,Daily Wages
2025-08-10,221,REVENUE,5723.076923076924,Deposit for #446
2025-08-11,222,COST,300,Daily Overheads
2025-08-11,222,COST,4080,Daily Wages
2025-08-11,222,REVENUE,3836.538461538462,Deposit for #447
2025-08-12,223,COST,300,Daily Overheads
2025-08-12,223,COST,4080,Daily Wages
2025-08-12,223,REVENUE,3011.538461538462,Deposit for #448
2025-08-13,224,COST,300,Daily Overheads
2025-08-13,224,COST,4080,Daily Wages
2025-08-13,224,REVENUE,4546.153846153846,Deposit for #450
2025-08-13,224,REVENUE,3836.538461538462,Final payment for #438
2025-08-13,224,COST,12000,Reordered 10 m³ of Tasmanian Oak
2025-08-14,225,COST,300,Daily Overheads
2025-08-14,225,COST,4080,Daily Wages
2025-08-14,225,REVENUE,4153.846153846154,Deposit for #451
2025-08-14,225,REVENUE,6888.461538461539,Final payment for #437
2025-08-14,225,REVENUE,4453.846153846154,Final payment for #439
2025-08-15,226,COST,300,Daily Overheads
2025-08-15,226,COST,4080,Daily Wages
2025-08-15,226,REVENUE,4453.846153846154,Deposit for #453
2025-08-16,227,COST,300,Daily Overheads
2025-08-16,227,COST,4080,Daily Wages
2025-08-16,227,REVENUE,3011.538461538462,Deposit for #454
2025-08-16,227,REVENUE,4153.846153846154,Final payment for #440
2025-08-17,228,COST,300,Daily Overheads
2025-08-17,228,COST,4080,Daily Wages
2025-08-17,228,REVENUE,6023.076923076924,Deposit for #455
2025-08-17,228,COST,11200,Reordered 8 m³ of Victorian Ash
2025-08-18,229,COST,300,Daily Overheads
2025-08-18,229,COST,4080,Daily Wages
2025-08-19,230,COST,300,Daily Overheads
2025-08-19,230,COST,4080,Daily Wages
2025-08-19,230,REVENUE,4938.461538461539,Deposit for #458
2025-08-20,231,COST,300,Daily Overheads
2025-08-20,231,COST,4080,Daily Wages
2025-08-20,231,REVENUE,3836.538461538462,Final payment for #447
2025-08-21,232,COST,300,Daily Overheads
2025-08-21,232,COST,4080,Daily Wages
2025-08-21,232,REVENUE,6496.153846153846,Final payment for #442
2025-08-22,233,COST,300,Daily Overheads
2025-08-22,233,COST,4080,Daily Wages
2025-08-22,233,REVENUE,4846.153846153846,Deposit for #461
2025-08-23,234,COST,300,Daily Overheads
2025-08-23,234,COST,4080,Daily Wages
2025-08-23,234,REVENUE,7465.384615384615,Deposit for #462
2025-08-23,234,REVENUE,3011.538461538462,Final payment for #448
2025-08-24,235,COST,300,Daily Overheads
2025-08-24,235,COST,4080,Daily Wages
2025-08-24,235,REVENUE,4546.153846153846,Deposit for #463
2025-08-24,235,REVENUE,4153.846153846154,Final payment for #451
2025-08-24,235,REVENUE,4453.846153846154,Final payment for #453
2025-08-24,235,REVENUE,3011.538461538462,Final payment for #454
2025-08-25,236,COST,300,Daily Overheads
2025-08-25,236,COST,4080,Daily Wages
2025-08-25,236,REVENUE,4546.153846153846,Final payment for #450
2025-08-26,237,COST,300,Daily Overheads
2025-08-26,237,COST,4080,Daily Wages
2025-08-26,237,COST,11200,Reordered 8 m³ of Victorian Ash
2025-08-27,238,COST,300,Daily Overheads
2025-08-27,238,COST,4080,Daily Wages
2025-08-27,238,REVENUE,6103.846153846154,Deposit for #466
2025-08-27,238,REVENUE,6023.076923076924,Deposit for #467
2025-08-27,238,REVENUE,5723.076923076924,Final payment for #446
2025-08-28,239,COST,300,Daily Overheads
2025-08-28,239,COST,4080,Daily Wages
2025-08-29,240,COST,300,Daily Overheads
2025-08-29,240,COST,4080,Daily Wages
2025-08-29,240,REVENUE,4546.153846153846,Deposit for #469
2025-08-29,240,REVENUE,6888.461538461539,Deposit for #470
2025-08-29,240,REVENUE,4938.461538461539,Final payment for #458
2025-08-30,241,COST,300,Daily Overheads
2025-08-30,241,COST,4080,Daily Wages
2025-08-30,241,REVENUE,6496.153846153846,Deposit for #471
2025-08-31,242,COST,300,Daily Overheads
2025-08-31,242,COST,4080,Daily Wages
2025-08-31,242,REVENUE,6023.076923076924,Final payment for #455
2025-08-31,242,COST,12000,Reordered 10 m³ of Tasmanian Oak
2025-08-31,242,COST,20000,Reordered 8 m³ of American Walnut
